{"cameraMode":{"drawMode":0,"name":"Shaded","section":"Shading Mode"},"sceneLighting":true,"audioPlay":false,"sceneViewState":{"m_AlwaysRefresh":false,"showFog":true,"showSkybox":true,"showFlares":true,"showImageEffects":true,"showParticleSystems":true,"showVisualEffectGraphs":true,"m_FxEnabled":true},"in2DMode":false,"pivot":{"x":0.386708527803421,"y":7.57040548324585,"z":-4.607186317443848},"rotation":{"x":-0.22192688286304475,"y":0.013745353557169438,"z":-0.0031240228563547136,"w":-0.9749755263328552},"size":1.0792253017425538,"orthographic":false}